fecha,ventasUnidades,visitasWeb,impresionesAds,descuentoPorc,diaSemana,esFinSemana,esCampania,impresionesContratadas
2022-01-01,197,19,59,15,5,1,0,70
2022-01-02,182,17,56,10,6,1,0,64
2022-01-03,157,14,45,10,0,0,0,54
2022-01-04,176,19,56,10,1,0,0,68
2022-01-05,153,13,44,10,2,0,0,48
2022-01-06,153,13,39,10,3,0,0,43
2022-01-07,145,12,38,10,4,0,0,45
2022-01-08,161,16,49,5,5,1,0,57
2022-01-09,174,17,52,10,6,1,0,61
2022-01-10,154,16,48,10,0,0,0,55
2022-01-11,145,14,45,10,1,0,0,55
2022-01-12,137,11,32,10,2,0,0,39
2022-01-13,153,15,44,10,3,0,0,52
2022-01-14,159,16,48,10,4,0,0,59
2022-01-15,176,16,49,10,5,1,0,59
2022-01-16,178,16,45,10,6,1,0,51
2022-01-17,162,15,48,10,0,0,0,57
2022-01-18,170,17,51,10,1,0,0,58
2022-01-19,163,14,45,10,2,0,0,55
2022-01-20,148,11,37,10,3,0,0,43
2022-01-21,155,13,41,10,4,0,0,48
2022-01-22,181,16,51,10,5,1,0,59
2022-01-23,170,12,36,10,6,1,0,45
2022-01-24,179,16,48,15,0,0,0,56
2022-01-25,158,13,36,10,1,0,0,41
2022-01-26,167,15,46,10,2,0,0,53
2022-01-27,163,14,42,10,3,0,0,50
2022-01-28,147,13,35,5,4,0,0,42
2022-01-29,193,19,59,10,5,1,0,70
2022-01-30,179,15,49,10,6,1,0,59
2022-01-31,158,13,41,10,0,0,0,53
2022-02-01,161,15,49,10,1,0,0,57
2022-02-02,158,16,49,10,2,0,0,57
2022-02-03,153,14,41,10,3,0,0,47
2022-02-04,141,12,37,5,4,0,0,45
2022-02-05,179,18,55,10,5,1,0,67
2022-02-06,175,17,50,10,6,1,0,59
2022-02-07,166,18,58,10,0,0,0,67
2022-02-08,163,14,44,15,1,0,0,50
2022-02-09,157,15,45,10,2,0,0,54
2022-02-10,150,13,41,10,3,0,0,50
2022-02-11,141,11,34,10,4,0,0,41
2022-02-12,175,16,51,10,5,1,0,59
2022-02-13,185,18,59,10,6,1,0,70
2022-02-14,142,12,36,5,0,0,0,43
2022-02-15,140,13,38,5,1,0,0,45
2022-02-16,150,12,40,10,2,0,0,49
2022-02-17,177,17,57,15,3,0,0,68
2022-02-18,155,13,39,10,4,0,0,47
2022-02-19,187,17,51,10,5,1,0,60
2022-02-20,189,14,41,15,6,1,0,49
2022-02-21,165,14,43,10,0,0,0,52
2022-02-22,164,13,40,10,1,0,0,44
2022-02-23,155,10,30,10,2,0,0,35
2022-02-24,166,14,45,10,3,0,0,52
2022-02-25,170,15,45,10,4,0,0,52
2022-02-26,169,12,36,10,5,1,0,42
2022-02-27,179,16,47,10,6,1,0,58
2022-02-28,155,13,43,10,0,0,0,49
2022-03-01,155,12,39,10,1,0,0,48
2022-03-02,159,14,46,10,2,0,0,51
2022-03-03,139,10,29,5,3,0,0,33
2022-03-04,166,15,49,10,4,0,0,58
2022-03-05,207,19,59,15,5,1,0,71
2022-03-06,179,14,45,10,6,1,0,54
2022-03-07,172,14,45,10,0,0,0,55
2022-03-08,183,17,52,10,1,0,0,60
2022-03-09,175,15,46,10,2,0,0,53
2022-03-10,168,13,37,10,3,0,0,45
2022-03-11,159,12,36,10,4,0,0,42
2022-03-12,191,17,52,10,5,1,0,59
2022-03-13,186,16,47,10,6,1,0,53
2022-03-14,173,16,50,10,0,0,0,57
2022-03-15,155,11,37,10,1,0,0,45
2022-03-16,165,16,49,10,2,0,0,58
2022-03-17,149,13,38,10,3,0,0,46
2022-03-18,158,16,48,10,4,0,0,56
2022-03-19,166,15,47,10,5,1,0,56
2022-03-20,165,14,47,10,6,1,0,57
2022-03-21,136,13,41,5,0,0,0,48
2022-03-22,143,12,37,10,1,0,0,44
2022-03-23,150,14,41,10,2,0,0,47
2022-03-24,161,16,50,10,3,0,0,58
2022-03-25,162,16,51,10,4,0,0,59
2022-03-26,180,17,52,10,5,1,0,59
2022-03-27,171,15,46,10,6,1,0,55
2022-03-28,151,13,39,10,0,0,0,45
2022-03-29,163,16,51,10,1,0,0,60
2022-03-30,166,17,55,10,2,0,0,66
2022-03-31,158,14,44,10,3,0,0,53
2022-04-01,155,14,44,10,4,0,0,53
2022-04-02,172,15,47,10,5,1,0,55
2022-04-03,180,17,51,10,6,1,0,59
2022-04-04,162,16,48,10,0,0,0,56
2022-04-05,142,9,27,10,1,0,0,28
2022-04-06,163,15,47,10,2,0,0,52
2022-04-07,165,13,40,15,3,0,0,44
2022-04-08,143,10,33,10,4,0,0,37
2022-04-09,181,17,54,10,5,1,0,64
2022-04-10,175,16,53,10,6,1,0,61
2022-04-11,157,15,48,10,0,0,0,56
2022-04-12,145,12,37,10,1,0,0,46
2022-04-13,171,19,59,10,2,0,0,69
2022-04-14,158,15,43,10,3,0,0,52
2022-04-15,155,14,47,10,4,0,0,53
2022-04-16,188,19,58,10,5,1,0,68
2022-04-17,179,18,55,10,6,1,0,63
2022-04-18,159,16,53,10,0,0,0,62
2022-04-19,172,17,51,15,1,0,0,62
2022-04-20,140,10,30,10,2,0,0,32
2022-04-21,169,18,56,10,3,0,0,67
2022-04-22,157,14,42,10,4,0,0,50
2022-04-23,184,17,53,10,5,1,0,61
2022-04-24,183,18,56,10,6,1,0,63
2022-04-25,150,13,42,10,0,0,0,50
2022-04-26,160,15,46,10,1,0,0,53
2022-04-27,167,16,51,10,2,0,0,60
2022-04-28,158,14,43,10,3,0,0,51
2022-04-29,164,15,48,10,4,0,0,60
2022-04-30,234,17,55,35,5,1,1,64
2022-05-01,225,18,52,30,6,1,1,59
2022-05-02,202,16,49,30,0,0,1,58
2022-05-03,223,19,59,35,1,0,1,70
2022-05-04,237,26,77,30,2,0,1,93
2022-05-05,218,19,53,30,3,0,1,64
2022-05-06,225,18,56,35,4,0,1,67
2022-05-07,248,20,61,35,5,1,1,75
2022-05-08,253,22,70,35,6,1,1,80
2022-05-09,229,20,62,35,0,0,1,72
2022-05-10,204,16,50,30,1,0,1,57
2022-05-11,173,17,52,10,2,0,0,60
2022-05-12,167,14,44,10,3,0,0,49
2022-05-13,171,16,48,10,4,0,0,58
2022-05-14,174,13,39,10,5,1,0,45
2022-05-15,168,13,42,10,6,1,0,46
2022-05-16,158,16,49,5,0,0,0,56
2022-05-17,147,11,35,10,1,0,0,42
2022-05-18,163,15,46,10,2,0,0,56
2022-05-19,157,15,46,5,3,0,0,58
2022-05-20,163,15,45,10,4,0,0,59
2022-05-21,181,17,54,10,5,1,0,64
2022-05-22,183,17,51,10,6,1,0,58
2022-05-23,166,15,47,10,0,0,0,51
2022-05-24,161,14,40,10,1,0,0,48
2022-05-25,162,15,47,10,2,0,0,54
2022-05-26,180,20,63,10,3,0,0,73
2022-05-27,172,17,51,10,4,0,0,59
2022-05-28,187,18,53,10,5,1,0,62
2022-05-29,182,17,52,10,6,1,0,63
2022-05-30,157,13,40,10,0,0,0,47
2022-05-31,164,15,45,10,1,0,0,53
2022-06-01,149,14,42,5,2,0,0,47
2022-06-02,169,17,54,10,3,0,0,60
2022-06-03,156,13,40,10,4,0,0,46
2022-06-04,169,12,36,10,5,1,0,42
2022-06-05,190,15,48,15,6,1,0,60
2022-06-06,169,16,50,10,0,0,0,59
2022-06-07,179,20,61,10,1,0,0,74
2022-06-08,170,17,54,10,2,0,0,63
2022-06-09,157,13,40,10,3,0,0,45
2022-06-10,161,14,45,10,4,0,0,51
2022-06-11,178,15,45,10,5,1,0,51
2022-06-12,192,16,50,15,6,1,0,63
2022-06-13,160,13,43,10,0,0,0,49
2022-06-14,152,11,35,10,1,0,0,43
2022-06-15,166,16,51,10,2,0,0,58
2022-06-16,165,15,47,10,3,0,0,57
2022-06-17,160,14,45,10,4,0,0,54
2022-06-18,184,17,53,10,5,1,0,62
2022-06-19,198,21,66,10,6,1,0,78
2022-06-20,163,15,46,10,0,0,0,53
2022-06-21,160,14,47,10,1,0,0,56
2022-06-22,164,16,48,10,2,0,0,56
2022-06-23,150,11,36,10,3,0,0,40
2022-06-24,164,16,48,10,4,0,0,54
2022-06-25,177,15,48,10,5,1,0,57
2022-06-26,174,15,49,10,6,1,0,61
2022-06-27,159,15,44,10,0,0,0,52
2022-06-28,168,18,59,10,1,0,0,69
2022-06-29,153,13,38,10,2,0,0,45
2022-06-30,168,17,51,10,3,0,0,63
2022-07-01,160,15,47,10,4,0,0,56
2022-07-02,167,14,41,10,5,1,0,47
2022-07-03,187,19,61,10,6,1,0,74
2022-07-04,153,13,41,10,0,0,0,49
2022-07-05,141,12,32,5,1,0,0,41
2022-07-06,154,13,37,10,2,0,0,44
2022-07-07,153,13,39,10,3,0,0,43
2022-07-08,164,16,50,10,4,0,0,56
2022-07-09,176,15,44,10,5,1,0,55
2022-07-10,196,20,61,10,6,1,0,75
2022-07-11,165,15,48,10,0,0,0,56
2022-07-12,155,13,38,10,1,0,0,44
2022-07-13,156,13,41,10,2,0,0,51
2022-07-14,154,15,44,5,3,0,0,50
2022-07-15,159,11,36,15,4,0,0,41
2022-07-16,150,12,40,5,5,1,0,48
2022-07-17,168,15,44,10,6,1,0,51
2022-07-18,158,16,45,10,0,0,0,53
2022-07-19,153,15,43,10,1,0,0,50
2022-07-20,145,15,48,5,2,0,0,57
2022-07-21,153,14,42,10,3,0,0,52
2022-07-22,139,10,33,10,4,0,0,39
2022-07-23,172,16,47,10,5,1,0,57
2022-07-24,163,13,38,10,6,1,0,41
2022-07-25,161,16,49,10,0,0,0,58
2022-07-26,157,15,49,10,1,0,0,56
2022-07-27,152,15,46,10,2,0,0,52
2022-07-28,153,16,48,10,3,0,0,55
2022-07-29,153,15,47,10,4,0,0,55
2022-07-30,173,17,53,10,5,1,0,64
2022-07-31,173,18,57,10,6,1,0,64
2022-08-01,145,14,43,10,0,0,0,51
2022-08-02,139,12,36,10,1,0,0,41
2022-08-03,155,16,50,10,2,0,0,58
2022-08-04,164,18,51,10,3,0,0,62
2022-08-05,161,17,53,10,4,0,0,63
2022-08-06,171,16,52,10,5,1,0,64
2022-08-07,174,18,57,10,6,1,0,67
2022-08-08,145,14,41,10,0,0,0,47
2022-08-09,156,16,47,10,1,0,0,55
2022-08-10,156,14,46,15,2,0,0,55
2022-08-11,152,15,45,10,3,0,0,53
2022-08-12,163,19,58,10,4,0,0,66
2022-08-13,171,18,56,10,5,1,0,66
2022-08-14,179,20,61,10,6,1,0,72
2022-08-15,140,13,40,10,0,0,0,52
2022-08-16,143,14,46,10,1,0,0,58
2022-08-17,145,15,45,10,2,0,0,51
2022-08-18,149,16,53,10,3,0,0,62
2022-08-19,149,15,47,10,4,0,0,52
2022-08-20,173,19,59,10,5,1,0,68
2022-08-21,165,16,51,10,6,1,0,61
2022-08-22,160,18,58,10,0,0,0,71
2022-08-23,159,17,55,10,1,0,0,63
2022-08-24,140,13,41,10,2,0,0,47
2022-08-25,153,16,48,10,3,0,0,52
2022-08-26,144,14,47,10,4,0,0,55
2022-08-27,175,19,59,10,5,1,0,67
2022-08-28,165,16,48,10,6,1,0,55
2022-08-29,149,16,51,10,0,0,0,58
2022-08-30,138,16,51,5,1,0,0,60
2022-08-31,123,9,28,10,2,0,0,29
2022-09-01,131,11,34,10,3,0,0,37
2022-09-02,147,15,48,10,4,0,0,61
2022-09-03,168,17,56,10,5,1,0,63
2022-09-04,177,19,59,10,6,1,0,67
2022-09-05,151,15,44,10,0,0,0,55
2022-09-06,144,12,36,10,1,0,0,48
2022-09-07,155,16,51,10,2,0,0,58
2022-09-08,145,13,40,10,3,0,0,46
2022-09-09,152,15,45,10,4,0,0,54
2022-09-10,171,16,51,10,5,1,0,63
2022-09-11,179,18,57,10,6,1,0,65
2022-09-12,146,12,37,10,0,0,0,43
2022-09-13,150,13,41,10,1,0,0,50
2022-09-14,145,11,33,10,2,0,0,40
2022-09-15,172,19,58,10,3,0,0,67
2022-09-16,151,13,40,10,4,0,0,47
2022-09-17,171,15,44,10,5,1,0,49
2022-09-18,173,15,47,10,6,1,0,55
2022-09-19,158,14,43,10,0,0,0,50
2022-09-20,152,14,42,5,1,0,0,50
2022-09-21,167,16,50,10,2,0,0,58
2022-09-22,163,15,47,10,3,0,0,56
2022-09-23,172,16,48,10,4,0,0,58
2022-09-24,188,16,48,10,5,1,0,57
2022-09-25,188,17,51,10,6,1,0,61
2022-09-26,178,18,58,10,0,0,0,68
2022-09-27,169,15,43,10,1,0,0,51
2022-09-28,171,16,49,10,2,0,0,56
2022-09-29,153,11,36,10,3,0,0,43
2022-09-30,168,16,47,10,4,0,0,55
2022-10-01,187,18,54,10,5,1,0,68
2022-10-02,192,20,60,10,6,1,0,74
2022-10-03,141,10,27,10,0,0,0,33
2022-10-04,157,15,49,10,1,0,0,56
2022-10-05,155,15,46,10,2,0,0,52
2022-10-06,148,15,44,5,3,0,0,54
2022-10-07,157,14,42,10,4,0,0,50
2022-10-08,184,18,56,10,5,1,0,67
2022-10-09,177,19,58,5,6,1,0,65
2022-10-10,151,15,44,5,0,0,0,54
2022-10-11,160,15,47,10,1,0,0,56
2022-10-12,165,15,44,10,2,0,0,50
2022-10-13,155,14,42,10,3,0,0,48
2022-10-14,153,15,47,10,4,0,0,56
2022-10-15,168,16,48,10,5,1,0,57
2022-10-16,160,13,40,10,6,1,0,46
2022-10-17,165,18,54,10,0,0,0,63
2022-10-18,144,12,42,10,1,0,0,49
2022-10-19,155,15,45,10,2,0,0,53
2022-10-20,147,13,41,10,3,0,0,51
2022-10-21,156,15,44,10,4,0,0,47
2022-10-22,175,15,44,10,5,1,0,51
2022-10-23,176,17,52,10,6,1,0,62
2022-10-24,164,13,39,15,0,0,0,46
2022-10-25,157,13,39,10,1,0,0,45
2022-10-26,176,16,49,15,2,0,0,54
2022-10-27,174,18,57,10,3,0,0,68
2022-10-28,167,16,53,10,4,0,0,66
2022-10-29,186,17,56,10,5,1,0,63
2022-10-30,180,15,46,10,6,1,0,56
2022-10-31,168,15,50,10,0,0,0,58
2022-11-01,168,16,53,10,1,0,0,62
2022-11-02,163,14,42,10,2,0,0,47
2022-11-03,171,17,51,10,3,0,0,59
2022-11-04,164,15,46,10,4,0,0,57
2022-11-05,190,18,59,10,5,1,0,71
2022-11-06,182,16,49,10,6,1,0,61
2022-11-07,213,18,55,30,0,0,1,67
2022-11-08,221,20,64,30,1,0,1,76
2022-11-09,230,20,61,35,2,0,1,75
2022-11-10,218,20,61,30,3,0,1,73
2022-11-11,209,17,53,30,4,0,1,64
2022-11-12,233,20,62,30,5,1,1,72
2022-11-13,251,21,60,35,6,1,1,71
2022-11-14,205,15,44,30,0,0,1,50
2022-11-15,227,21,66,30,1,0,1,80
2022-11-16,171,16,46,10,2,0,0,52
2022-11-17,167,15,48,10,3,0,0,58
2022-11-18,167,14,43,10,4,0,0,50
2022-11-19,198,19,59,10,5,1,0,72
2022-11-20,192,17,53,10,6,1,0,64
2022-11-21,185,19,55,10,0,0,0,68
2022-11-22,172,16,48,10,1,0,0,58
2022-11-23,158,12,35,10,2,0,0,38
2022-11-24,174,17,53,10,3,0,0,62
2022-11-25,163,14,46,10,4,0,0,52
2022-11-26,188,16,49,10,5,1,0,57
2022-11-27,192,17,52,10,6,1,0,64
2022-11-28,167,15,42,10,0,0,0,51
2022-11-29,175,16,48,10,1,0,0,55
2022-11-30,178,17,52,10,2,0,0,59
2022-12-01,177,16,49,10,3,0,0,58
2022-12-02,173,14,44,10,4,0,0,49
2022-12-03,188,15,49,10,5,1,0,56
2022-12-04,192,16,49,10,6,1,0,58
2022-12-05,177,16,50,10,0,0,0,61
2022-12-06,179,17,49,10,1,0,0,59
2022-12-07,194,19,60,15,2,0,0,66
2022-12-08,164,13,40,10,3,0,0,48
2022-12-09,173,15,43,10,4,0,0,51
2022-12-10,196,17,53,10,5,1,0,63
2022-12-11,192,16,48,10,6,1,0,60
2022-12-12,181,16,51,10,0,0,0,56
2022-12-13,171,15,47,10,1,0,0,54
2022-12-14,171,15,46,10,2,0,0,55
2022-12-15,229,18,59,35,3,0,1,66
2022-12-16,227,20,61,30,4,0,1,75
2022-12-17,264,23,70,35,5,1,1,83
2022-12-18,270,25,77,35,6,1,1,92
2022-12-19,226,18,56,30,0,0,1,65
2022-12-20,221,17,51,30,1,0,1,62
2022-12-21,229,19,60,30,2,0,1,73
2022-12-22,225,18,56,30,3,0,1,66
2022-12-23,234,21,64,30,4,0,1,76
2022-12-24,246,20,59,30,5,1,1,70
2022-12-25,250,21,67,30,6,1,1,77
2022-12-26,220,17,55,30,0,0,1,64
2022-12-27,238,19,60,35,1,0,1,70
2022-12-28,179,16,51,10,2,0,0,61
2022-12-29,185,18,59,10,3,0,0,71
2022-12-30,165,14,44,10,4,0,0,50
2022-12-31,192,18,59,10,5,1,0,69
2023-01-01,170,13,40,10,6,1,0,50
2023-01-02,159,13,38,10,0,0,0,43
2023-01-03,160,14,43,10,1,0,0,49
2023-01-04,159,14,43,10,2,0,0,51
2023-01-05,156,16,50,5,3,0,0,61
2023-01-06,166,17,56,10,4,0,0,66
2023-01-07,170,14,44,10,5,1,0,54
2023-01-08,181,18,58,10,6,1,0,70
2023-01-09,160,13,44,15,0,0,0,53
2023-01-10,173,19,62,10,1,0,0,74
2023-01-11,166,16,50,10,2,0,0,63
2023-01-12,170,16,48,10,3,0,0,56
2023-01-13,166,15,51,10,4,0,0,56
2023-01-14,184,17,50,10,5,1,0,62
2023-01-15,185,17,49,10,6,1,0,57
2023-01-16,165,14,39,10,0,0,0,46
2023-01-17,173,17,55,10,1,0,0,67
2023-01-18,173,16,47,10,2,0,0,52
2023-01-19,176,17,52,10,3,0,0,59
2023-01-20,153,15,46,5,4,0,0,51
2023-01-21,190,19,61,10,5,1,0,70
2023-01-22,185,16,47,10,6,1,0,56
2023-01-23,196,23,71,10,0,0,0,85
2023-01-24,168,14,44,10,1,0,0,52
2023-01-25,172,15,49,10,2,0,0,55
2023-01-26,174,17,52,10,3,0,0,57
2023-01-27,172,18,56,10,4,0,0,66
2023-01-28,177,16,49,10,5,1,0,57
2023-01-29,169,14,45,10,6,1,0,54
2023-01-30,150,13,42,10,0,0,0,51
2023-01-31,148,13,39,10,1,0,0,46
2023-02-01,154,14,44,10,2,0,0,53
2023-02-02,161,15,43,10,3,0,0,51
2023-02-03,168,18,56,10,4,0,0,67
2023-02-04,186,20,60,10,5,1,0,69
2023-02-05,173,16,49,10,6,1,0,57
2023-02-06,162,17,55,10,0,0,0,65
2023-02-07,157,17,57,10,1,0,0,69
2023-02-08,169,18,56,10,2,0,0,65
2023-02-09,160,15,46,10,3,0,0,55
2023-02-10,158,14,43,10,4,0,0,50
2023-02-11,185,19,60,10,5,1,0,70
2023-02-12,193,21,65,10,6,1,0,78
2023-02-13,152,14,45,10,0,0,0,49
2023-02-14,171,19,62,10,1,0,0,70
2023-02-15,172,19,60,10,2,0,0,68
2023-02-16,159,15,46,10,3,0,0,49
2023-02-17,150,12,39,10,4,0,0,45
2023-02-18,177,16,48,10,5,1,0,58
2023-02-19,181,17,49,10,6,1,0,57
2023-02-20,161,17,55,10,0,0,0,65
2023-02-21,147,12,41,10,1,0,0,50
2023-02-22,174,20,65,10,2,0,0,79
2023-02-23,180,20,61,10,3,0,0,72
2023-02-24,151,14,37,5,4,0,0,46
2023-02-25,169,14,42,10,5,1,0,50
2023-02-26,183,17,54,10,6,1,0,62
2023-02-27,164,16,49,10,0,0,0,56
2023-02-28,168,18,58,10,1,0,0,65
2023-03-01,165,17,51,10,2,0,0,58
2023-03-02,162,15,47,10,3,0,0,55
2023-03-03,156,12,38,10,4,0,0,46
2023-03-04,193,19,59,10,5,1,0,73
2023-03-05,194,19,56,10,6,1,0,63
2023-03-06,167,15,46,10,0,0,0,55
2023-03-07,168,16,50,10,1,0,0,57
2023-03-08,167,16,49,10,2,0,0,59
2023-03-09,164,15,44,10,3,0,0,52
2023-03-10,157,13,39,10,4,0,0,42
2023-03-11,190,18,54,10,5,1,0,65
2023-03-12,176,15,47,10,6,1,0,54
2023-03-13,173,18,58,10,0,0,0,67
2023-03-14,161,14,44,10,1,0,0,50
2023-03-15,174,17,53,10,2,0,0,61
2023-03-16,163,14,43,10,3,0,0,51
2023-03-17,169,16,50,10,4,0,0,58
2023-03-18,186,17,49,10,5,1,0,58
2023-03-19,201,19,59,15,6,1,0,70
2023-03-20,159,14,45,10,0,0,0,56
2023-03-21,151,12,36,10,1,0,0,42
2023-03-22,160,15,48,10,2,0,0,54
2023-03-23,158,15,43,10,3,0,0,53
2023-03-24,150,13,40,10,4,0,0,46
2023-03-25,173,16,49,10,5,1,0,60
2023-03-26,155,14,44,5,6,1,0,53
2023-03-27,155,16,50,10,0,0,0,59
2023-03-28,154,15,51,10,1,0,0,61
2023-03-29,159,16,43,10,2,0,0,54
2023-03-30,176,21,62,10,3,0,0,77
2023-03-31,157,16,48,10,4,0,0,57
2023-04-01,180,18,56,10,5,1,0,66
2023-04-02,193,19,57,15,6,1,0,69
2023-04-03,146,15,45,5,0,0,0,51
2023-04-04,157,15,43,10,1,0,0,51
2023-04-05,164,17,50,10,2,0,0,59
2023-04-06,170,18,54,10,3,0,0,64
2023-04-07,141,10,34,10,4,0,0,38
2023-04-08,178,17,51,10,5,1,0,57
2023-04-09,178,17,58,10,6,1,0,64
2023-04-10,157,15,48,10,0,0,0,54
2023-04-11,169,18,55,10,1,0,0,64
2023-04-12,162,15,48,10,2,0,0,56
2023-04-13,172,17,55,10,3,0,0,69
2023-04-14,167,15,44,10,4,0,0,54
2023-04-15,187,17,49,10,5,1,0,56
2023-04-16,194,19,62,10,6,1,0,74
2023-04-17,162,14,41,10,0,0,0,47
2023-04-18,168,15,48,10,1,0,0,56
2023-04-19,164,14,45,10,2,0,0,53
2023-04-20,162,14,40,10,3,0,0,48
2023-04-21,170,17,54,10,4,0,0,63
2023-04-22,192,19,60,10,5,1,0,73
2023-04-23,177,15,49,10,6,1,0,55
2023-04-24,150,13,40,10,0,0,0,47
2023-04-25,179,21,66,10,1,0,0,83
2023-04-26,156,14,44,10,2,0,0,52
2023-04-27,159,14,43,10,3,0,0,53
2023-04-28,171,17,56,10,4,0,0,66
2023-04-29,183,16,51,10,5,1,0,61
2023-04-30,239,21,68,30,6,1,1,80
2023-05-01,229,22,69,30,0,0,1,81
2023-05-02,227,22,70,30,1,0,1,81
2023-05-03,211,19,57,30,2,0,1,68
2023-05-04,217,22,67,30,3,0,1,77
2023-05-05,212,20,64,30,4,0,1,77
2023-05-06,232,21,64,30,5,1,1,77
2023-05-07,245,22,67,35,6,1,1,80
2023-05-08,219,19,59,35,0,0,1,69
2023-05-09,219,21,62,30,1,0,1,74
2023-05-10,215,20,62,30,2,0,1,72
2023-05-11,157,14,44,10,3,0,0,54
2023-05-12,164,16,49,10,4,0,0,54
2023-05-13,178,17,50,10,5,1,0,58
2023-05-14,176,17,56,10,6,1,0,62
2023-05-15,161,16,50,10,0,0,0,56
2023-05-16,172,18,54,10,1,0,0,66
2023-05-17,160,16,48,5,2,0,0,58
2023-05-18,176,18,52,10,3,0,0,60
2023-05-19,180,19,55,10,4,0,0,62
2023-05-20,191,18,52,10,5,1,0,55
2023-05-21,188,17,51,10,6,1,0,59
2023-05-22,164,14,44,10,0,0,0,57
2023-05-23,173,16,51,10,1,0,0,61
2023-05-24,177,18,55,10,2,0,0,64
2023-05-25,185,19,61,10,3,0,0,73
2023-05-26,164,13,41,10,4,0,0,45
2023-05-27,190,20,60,5,5,1,0,70
2023-05-28,205,20,60,10,6,1,0,71
2023-05-29,182,21,66,5,0,0,0,77
2023-05-30,174,16,51,10,1,0,0,62
2023-05-31,172,16,52,10,2,0,0,62
2023-06-01,165,13,37,10,3,0,0,45
2023-06-02,162,14,39,10,4,0,0,45
2023-06-03,183,16,54,10,5,1,0,65
2023-06-04,180,16,49,10,6,1,0,61
2023-06-05,163,14,45,10,0,0,0,51
2023-06-06,174,13,40,15,1,0,0,45
2023-06-07,177,16,47,10,2,0,0,58
2023-06-08,178,17,55,10,3,0,0,64
2023-06-09,180,17,54,10,4,0,0,66
2023-06-10,203,18,59,10,5,1,0,69
2023-06-11,210,20,63,10,6,1,0,77
2023-06-12,187,18,54,10,0,0,0,64
2023-06-13,173,13,40,10,1,0,0,48
2023-06-14,176,15,48,10,2,0,0,60
2023-06-15,168,13,39,10,3,0,0,45
2023-06-16,171,14,44,10,4,0,0,50
2023-06-17,199,18,58,10,5,1,0,67
2023-06-18,201,18,53,10,6,1,0,63
2023-06-19,190,19,58,10,0,0,0,65
2023-06-20,190,20,62,10,1,0,0,74
2023-06-21,176,17,55,10,2,0,0,64
2023-06-22,172,16,49,10,3,0,0,60
2023-06-23,173,16,48,10,4,0,0,52
2023-06-24,196,18,57,10,5,1,0,65
2023-06-25,201,19,58,10,6,1,0,65
2023-06-26,170,15,47,10,0,0,0,54
2023-06-27,178,17,53,10,1,0,0,63
2023-06-28,173,16,49,10,2,0,0,57
2023-06-29,173,18,57,5,3,0,0,67
2023-06-30,185,19,61,10,4,0,0,71
2023-07-01,208,22,66,10,5,1,0,78
2023-07-02,193,18,57,10,6,1,0,65
2023-07-03,164,13,40,10,0,0,0,48
2023-07-04,164,13,40,10,1,0,0,48
2023-07-05,177,15,47,10,2,0,0,56
2023-07-06,173,13,43,10,3,0,0,52
2023-07-07,169,13,40,10,4,0,0,48
2023-07-08,196,17,52,10,5,1,0,65
2023-07-09,195,16,47,10,6,1,0,55
2023-07-10,186,17,52,10,0,0,0,61
2023-07-11,197,20,62,10,1,0,0,71
2023-07-12,174,16,48,5,2,0,0,54
2023-07-13,182,17,52,10,3,0,0,59
2023-07-14,165,13,41,10,4,0,0,46
2023-07-15,198,18,59,10,5,1,0,69
2023-07-16,192,17,52,10,6,1,0,62
2023-07-17,168,14,47,10,0,0,0,55
2023-07-18,163,12,39,10,1,0,0,44
2023-07-19,191,19,61,15,2,0,0,74
2023-07-20,157,13,41,10,3,0,0,50
2023-07-21,162,14,44,10,4,0,0,51
2023-07-22,188,18,55,10,5,1,0,63
2023-07-23,191,19,59,10,6,1,0,71
2023-07-24,173,17,53,10,0,0,0,63
2023-07-25,169,16,50,10,1,0,0,56
2023-07-26,162,14,47,10,2,0,0,55
2023-07-27,177,18,60,10,3,0,0,71
2023-07-28,169,17,54,10,4,0,0,62
2023-07-29,181,15,49,10,5,1,0,58
2023-07-30,202,21,64,10,6,1,0,72
2023-07-31,170,16,46,10,0,0,0,57
2023-08-01,179,18,56,10,1,0,0,68
2023-08-02,160,13,41,10,2,0,0,48
2023-08-03,162,14,46,10,3,0,0,55
2023-08-04,162,15,51,10,4,0,0,55
2023-08-05,183,17,53,10,5,1,0,60
2023-08-06,201,20,65,15,6,1,0,76
2023-08-07,155,13,43,10,0,0,0,48
2023-08-08,167,17,53,10,1,0,0,64
2023-08-09,158,14,45,10,2,0,0,57
2023-08-10,169,17,54,10,3,0,0,61
2023-08-11,171,17,56,10,4,0,0,64
2023-08-12,186,17,51,10,5,1,0,60
2023-08-13,206,23,67,10,6,1,0,82
2023-08-14,167,16,50,10,0,0,0,56
2023-08-15,169,18,58,10,1,0,0,69
2023-08-16,157,14,46,10,2,0,0,58
2023-08-17,161,16,49,10,3,0,0,54
2023-08-18,162,16,51,10,4,0,0,57
2023-08-19,186,19,58,10,5,1,0,67
2023-08-20,183,18,57,10,6,1,0,66
2023-08-21,160,15,45,10,0,0,0,55
2023-08-22,154,10,29,15,1,0,0,35
2023-08-23,159,15,49,10,2,0,0,54
2023-08-24,160,15,44,10,3,0,0,53
2023-08-25,167,16,47,10,4,0,0,54
2023-08-26,187,20,64,5,5,1,0,78
2023-08-27,200,23,72,5,6,1,0,83
2023-08-28,174,17,48,10,0,0,0,55
2023-08-29,178,18,58,10,1,0,0,69
2023-08-30,182,18,53,10,2,0,0,64
2023-08-31,183,18,55,10,3,0,0,66
2023-09-01,183,18,56,10,4,0,0,63
2023-09-02,200,18,60,10,5,1,0,72
2023-09-03,197,18,56,10,6,1,0,64
2023-09-04,179,17,55,10,0,0,0,65
2023-09-05,190,20,62,10,1,0,0,70
2023-09-06,183,18,57,10,2,0,0,68
2023-09-07,193,20,59,10,3,0,0,68
2023-09-08,173,14,44,10,4,0,0,49
2023-09-09,206,19,58,10,5,1,0,70
2023-09-10,203,19,57,10,6,1,0,68
2023-09-11,182,17,53,10,0,0,0,61
2023-09-12,172,14,46,10,1,0,0,57
2023-09-13,169,13,41,10,2,0,0,47
2023-09-14,166,12,37,10,3,0,0,44
2023-09-15,180,16,51,10,4,0,0,61
2023-09-16,218,23,69,10,5,1,0,80
2023-09-17,209,19,60,10,6,1,0,72
2023-09-18,178,14,45,10,0,0,0,52
2023-09-19,186,17,53,10,1,0,0,62
2023-09-20,185,16,49,10,2,0,0,60
2023-09-21,191,17,53,10,3,0,0,60
2023-09-22,187,16,49,10,4,0,0,53
2023-09-23,203,16,49,10,5,1,0,61
2023-09-24,200,17,54,10,6,1,0,69
2023-09-25,190,18,52,10,0,0,0,60
2023-09-26,186,17,55,10,1,0,0,61
2023-09-27,197,19,60,10,2,0,0,70
2023-09-28,180,14,44,10,3,0,0,51
2023-09-29,201,19,57,10,4,0,0,67
2023-09-30,213,19,58,10,5,1,0,66
2023-10-01,212,19,58,10,6,1,0,69
2023-10-02,196,19,60,10,0,0,0,72
2023-10-03,182,16,51,10,1,0,0,57
2023-10-04,184,17,55,10,2,0,0,66
2023-10-05,189,18,56,10,3,0,0,70
2023-10-06,185,18,52,10,4,0,0,62
2023-10-07,206,20,60,10,5,1,0,70
2023-10-08,212,21,64,10,6,1,0,75
2023-10-09,188,18,57,10,0,0,0,68
2023-10-10,182,16,47,10,1,0,0,52
2023-10-11,202,22,68,10,2,0,0,80
2023-10-12,186,17,53,10,3,0,0,62
2023-10-13,181,17,52,10,4,0,0,65
2023-10-14,198,17,52,10,5,1,0,61
2023-10-15,189,14,48,10,6,1,0,60
2023-10-16,176,15,47,10,0,0,0,53
2023-10-17,182,17,57,10,1,0,0,68
2023-10-18,185,18,56,10,2,0,0,67
2023-10-19,183,17,51,10,3,0,0,58
2023-10-20,183,18,57,10,4,0,0,67
2023-10-21,213,21,64,15,5,1,0,78
2023-10-22,191,21,65,5,6,1,0,76
2023-10-23,176,17,48,10,0,0,0,53
2023-10-24,173,17,53,10,1,0,0,62
2023-10-25,170,16,48,10,2,0,0,55
2023-10-26,164,15,49,10,3,0,0,57
2023-10-27,182,20,62,10,4,0,0,73
2023-10-28,181,16,49,10,5,1,0,54
2023-10-29,190,19,57,10,6,1,0,64
2023-10-30,172,17,53,10,0,0,0,63
2023-10-31,155,12,36,10,1,0,0,41
2023-11-01,174,18,54,10,2,0,0,58
2023-11-02,173,16,53,10,3,0,0,64
2023-11-03,174,17,52,10,4,0,0,62
2023-11-04,189,18,58,10,5,1,0,67
2023-11-05,178,16,53,10,6,1,0,60
2023-11-06,172,17,54,10,0,0,0,65
2023-11-07,224,21,66,30,1,0,1,78
2023-11-08,232,23,72,30,2,0,1,89
2023-11-09,232,22,70,30,3,0,1,83
2023-11-10,215,17,54,30,4,0,1,64
2023-11-11,267,25,79,35,5,1,1,93
2023-11-12,258,24,75,30,6,1,1,90
2023-11-13,238,22,67,30,0,0,1,80
2023-11-14,249,22,67,35,1,0,1,81
2023-11-15,239,19,58,35,2,0,1,67
2023-11-16,188,18,56,10,3,0,0,65
2023-11-17,175,16,52,5,4,0,0,60
2023-11-18,230,25,76,10,5,1,0,91
2023-11-19,206,18,55,10,6,1,0,68
2023-11-20,177,15,45,10,0,0,0,52
2023-11-21,178,16,49,10,1,0,0,57
2023-11-22,190,20,64,10,2,0,0,76
2023-11-23,176,16,49,10,3,0,0,57
2023-11-24,163,12,38,10,4,0,0,47
2023-11-25,211,22,64,10,5,1,0,71
2023-11-26,204,20,62,10,6,1,0,71
2023-11-27,177,16,51,10,0,0,0,58
2023-11-28,185,18,55,10,1,0,0,60
2023-11-29,176,15,43,10,2,0,0,49
2023-11-30,172,15,47,10,3,0,0,53
2023-12-01,188,19,59,10,4,0,0,69
2023-12-02,203,18,59,10,5,1,0,72
2023-12-03,212,20,61,10,6,1,0,71
2023-12-04,186,17,52,10,0,0,0,59
2023-12-05,181,19,58,5,1,0,0,68
2023-12-06,183,17,53,10,2,0,0,64
2023-12-07,173,13,37,10,3,0,0,42
2023-12-08,190,18,58,10,4,0,0,66
2023-12-09,199,18,57,10,5,1,0,68
2023-12-10,201,21,65,10,6,1,0,76
2023-12-11,174,17,52,10,0,0,0,62
2023-12-12,190,20,63,10,1,0,0,74
2023-12-13,173,16,50,10,2,0,0,60
2023-12-14,161,13,39,10,3,0,0,44
2023-12-15,232,20,62,35,4,0,1,73
2023-12-16,261,24,75,35,5,1,1,88
2023-12-17,256,22,67,35,6,1,1,76
2023-12-18,222,20,61,30,0,0,1,69
2023-12-19,236,24,74,30,1,0,1,88
2023-12-20,224,21,64,30,2,0,1,75
2023-12-21,243,23,69,35,3,0,1,79
2023-12-22,228,21,63,30,4,0,1,74
2023-12-23,241,20,63,30,5,1,1,76
2023-12-24,241,21,67,30,6,1,1,74
2023-12-25,221,20,62,30,0,0,1,70
2023-12-26,236,22,61,35,1,0,1,70
2023-12-27,215,19,56,30,2,0,1,69
2023-12-28,159,14,44,10,3,0,0,52
2023-12-29,159,15,50,10,4,0,0,60
2023-12-30,183,18,58,10,5,1,0,66
2023-12-31,176,17,52,10,6,1,0,59
2024-01-01,162,16,49,10,0,0,0,59
2024-01-02,168,21,64,5,1,0,0,75
2024-01-03,165,18,59,10,2,0,0,71
2024-01-04,156,15,47,10,3,0,0,55
2024-01-05,160,17,51,10,4,0,0,61
2024-01-06,192,22,70,10,5,1,0,83
2024-01-07,185,20,64,10,6,1,0,77
2024-01-08,166,17,49,10,0,0,0,59
2024-01-09,158,14,42,10,1,0,0,46
2024-01-10,156,14,45,10,2,0,0,48
2024-01-11,165,16,51,10,3,0,0,62
2024-01-12,169,17,50,10,4,0,0,61
2024-01-13,182,16,50,10,5,1,0,57
2024-01-14,175,16,51,10,6,1,0,56
2024-01-15,154,17,53,5,0,0,0,63
2024-01-16,149,13,38,10,1,0,0,47
2024-01-17,156,14,43,10,2,0,0,54
2024-01-18,174,17,54,15,3,0,0,65
2024-01-19,169,18,57,10,4,0,0,66
2024-01-20,190,20,60,10,5,1,0,69
2024-01-21,200,21,70,15,6,1,0,82
2024-01-22,172,20,62,10,0,0,0,72
2024-01-23,171,19,56,10,1,0,0,64
2024-01-24,164,17,52,10,2,0,0,65
2024-01-25,178,21,60,10,3,0,0,74
2024-01-26,175,20,61,10,4,0,0,74
2024-01-27,193,21,65,10,5,1,0,75
2024-01-28,181,17,57,10,6,1,0,69
2024-01-29,170,18,56,10,0,0,0,67
2024-01-30,150,13,41,10,1,0,0,49
2024-01-31,160,16,51,10,2,0,0,62
2024-02-01,147,12,38,10,3,0,0,46
2024-02-02,165,16,48,10,4,0,0,58
2024-02-03,194,21,68,10,5,1,0,81
2024-02-04,192,19,60,10,6,1,0,71
2024-02-05,180,20,65,10,0,0,0,73
2024-02-06,174,17,55,10,1,0,0,65
2024-02-07,169,17,51,10,2,0,0,59
2024-02-08,168,17,52,10,3,0,0,59
2024-02-09,167,18,55,10,4,0,0,68
2024-02-10,181,19,58,10,5,1,0,72
2024-02-11,191,22,69,10,6,1,0,84
2024-02-12,172,20,62,10,0,0,0,73
2024-02-13,164,18,54,10,1,0,0,66
2024-02-14,155,15,49,10,2,0,0,58
2024-02-15,164,18,59,10,3,0,0,70
2024-02-16,175,20,62,10,4,0,0,71
2024-02-17,192,21,63,10,5,1,0,75
2024-02-18,193,20,61,10,6,1,0,72
2024-02-19,180,19,58,10,0,0,0,66
2024-02-20,182,20,60,10,1,0,0,70
2024-02-21,156,12,35,10,2,0,0,41
2024-02-22,182,20,63,10,3,0,0,78
2024-02-23,182,19,60,10,4,0,0,72
2024-02-24,200,20,63,10,5,1,0,74
2024-02-25,198,18,54,10,6,1,0,64
2024-02-26,183,18,56,10,0,0,0,66
2024-02-27,182,18,60,10,1,0,0,70
2024-02-28,166,14,44,10,2,0,0,50
2024-02-29,184,19,58,10,3,0,0,68
2024-03-01,178,17,58,10,4,0,0,67
2024-03-02,209,22,69,10,5,1,0,79
2024-03-03,206,21,64,10,6,1,0,76
2024-03-04,180,17,55,10,0,0,0,65
2024-03-05,179,17,51,10,1,0,0,56
2024-03-06,184,19,58,10,2,0,0,68
2024-03-07,178,18,58,10,3,0,0,70
2024-03-08,177,18,55,10,4,0,0,67
2024-03-09,190,18,53,10,5,1,0,64
2024-03-10,189,17,54,10,6,1,0,64
2024-03-11,174,16,51,10,0,0,0,58
2024-03-12,165,14,41,10,1,0,0,46
2024-03-13,173,16,49,10,2,0,0,58
2024-03-14,178,18,58,10,3,0,0,69
2024-03-15,166,14,44,10,4,0,0,54
2024-03-16,187,17,54,10,5,1,0,66
2024-03-17,203,21,65,10,6,1,0,76
2024-03-18,171,16,48,10,0,0,0,54
2024-03-19,175,17,52,10,1,0,0,61
2024-03-20,168,15,46,10,2,0,0,55
2024-03-21,166,15,47,10,3,0,0,55
2024-03-22,173,17,48,10,4,0,0,55
2024-03-23,207,23,68,10,5,1,0,81
2024-03-24,199,20,62,10,6,1,0,72
2024-03-25,166,14,45,10,0,0,0,52
2024-03-26,183,18,55,10,1,0,0,65
2024-03-27,187,19,59,10,2,0,0,69
2024-03-28,184,19,57,10,3,0,0,68
2024-03-29,172,15,44,10,4,0,0,52
2024-03-30,197,19,59,10,5,1,0,67
2024-03-31,212,24,74,10,6,1,0,86
2024-04-01,171,16,49,10,0,0,0,61
2024-04-02,176,18,53,10,1,0,0,60
2024-04-03,159,16,50,5,2,0,0,55
2024-04-04,168,15,47,10,3,0,0,52
2024-04-05,173,17,52,10,4,0,0,61
2024-04-06,199,21,65,10,5,1,0,77
2024-04-07,199,22,68,10,6,1,0,80
2024-04-08,172,16,51,10,0,0,0,62
2024-04-09,171,16,51,10,1,0,0,55
2024-04-10,171,16,53,10,2,0,0,63
2024-04-11,161,13,43,10,3,0,0,54
2024-04-12,184,19,59,10,4,0,0,67
2024-04-13,210,23,69,10,5,1,0,80
2024-04-14,205,22,70,10,6,1,0,81
2024-04-15,173,17,52,10,0,0,0,59
2024-04-16,181,20,65,10,1,0,0,76
2024-04-17,178,20,59,10,2,0,0,72
2024-04-18,164,17,52,10,3,0,0,65
2024-04-19,165,17,56,10,4,0,0,65
2024-04-20,185,19,59,10,5,1,0,73
2024-04-21,192,20,63,10,6,1,0,74
2024-04-22,181,21,66,10,0,0,0,81
2024-04-23,164,16,49,10,1,0,0,57
2024-04-24,164,15,48,10,2,0,0,57
2024-04-25,173,19,57,10,3,0,0,68
2024-04-26,182,18,55,15,4,0,0,71
2024-04-27,168,16,54,5,5,1,0,65
2024-04-28,182,18,56,10,6,1,0,64
2024-04-29,224,20,63,35,0,0,1,76
2024-04-30,215,20,60,30,1,0,1,70
2024-05-01,220,22,71,30,2,0,1,83
2024-05-02,237,24,73,35,3,0,1,88
2024-05-03,222,21,64,30,4,0,1,75
2024-05-04,258,24,73,35,5,1,1,86
2024-05-05,242,22,66,30,6,1,1,78
2024-05-06,234,24,72,30,0,0,1,85
2024-05-07,243,24,74,35,1,0,1,88
2024-05-08,225,21,64,30,2,0,1,71
2024-05-09,231,20,62,35,3,0,1,74
2024-05-10,201,22,66,15,4,0,0,76
2024-05-11,204,21,63,10,5,1,0,71
2024-05-12,191,18,55,10,6,1,0,65
2024-05-13,164,14,43,10,0,0,0,51
2024-05-14,175,17,51,10,1,0,0,59
2024-05-15,185,20,62,10,2,0,0,75
2024-05-16,173,17,52,10,3,0,0,58
2024-05-17,177,17,55,10,4,0,0,64
2024-05-18,188,19,60,5,5,1,0,69
2024-05-19,204,21,66,10,6,1,0,78
2024-05-20,185,20,64,10,0,0,0,76
2024-05-21,168,15,45,10,1,0,0,51
2024-05-22,174,17,55,10,2,0,0,66
2024-05-23,174,17,53,10,3,0,0,62
2024-05-24,167,16,49,10,4,0,0,54
2024-05-25,181,17,54,10,5,1,0,60
2024-05-26,193,21,63,10,6,1,0,74
2024-05-27,169,18,59,10,0,0,0,69
2024-05-28,172,19,59,10,1,0,0,69
2024-05-29,181,21,62,10,2,0,0,73
2024-05-30,167,17,51,10,3,0,0,60
2024-05-31,176,19,58,10,4,0,0,70
2024-06-01,191,19,58,10,5,1,0,66
2024-06-02,190,20,63,10,6,1,0,72
2024-06-03,171,18,58,10,0,0,0,66
2024-06-04,171,17,55,10,1,0,0,65
2024-06-05,165,15,48,10,2,0,0,59
2024-06-06,185,21,63,10,3,0,0,73
2024-06-07,163,18,58,5,4,0,0,63
2024-06-08,184,17,55,10,5,1,0,61
2024-06-09,175,15,43,10,6,1,0,49
2024-06-10,168,18,55,10,0,0,0,64
2024-06-11,172,19,58,10,1,0,0,67
2024-06-12,178,20,61,10,2,0,0,72
2024-06-13,178,20,64,10,3,0,0,75
2024-06-14,168,17,54,10,4,0,0,66
2024-06-15,194,21,65,10,5,1,0,75
2024-06-16,185,17,50,10,6,1,0,57
2024-06-17,176,18,52,10,0,0,0,62
2024-06-18,191,20,60,15,1,0,0,68
2024-06-19,171,17,51,10,2,0,0,61
2024-06-20,172,17,51,10,3,0,0,60
2024-06-21,178,18,52,10,4,0,0,61
2024-06-22,198,20,59,10,5,1,0,73
2024-06-23,206,23,70,10,6,1,0,81
2024-06-24,169,16,50,10,0,0,0,63
2024-06-25,183,20,61,10,1,0,0,71
2024-06-26,162,15,46,10,2,0,0,52
2024-06-27,166,16,49,10,3,0,0,58
2024-06-28,165,16,49,10,4,0,0,55
2024-06-29,192,20,64,10,5,1,0,74
2024-06-30,190,19,57,10,6,1,0,68
2024-07-01,177,19,59,10,0,0,0,71
2024-07-02,178,18,53,10,1,0,0,61
2024-07-03,193,22,70,10,2,0,0,84
2024-07-04,185,19,60,10,3,0,0,73
2024-07-05,177,17,55,10,4,0,0,68
2024-07-06,204,21,65,10,5,1,0,78
2024-07-07,203,21,65,10,6,1,0,79
2024-07-08,173,17,50,10,0,0,0,55
2024-07-09,172,16,50,10,1,0,0,58
2024-07-10,187,16,52,15,2,0,0,59
2024-07-11,186,18,50,10,3,0,0,59
2024-07-12,193,20,65,10,4,0,0,75
2024-07-13,212,21,63,10,5,1,0,74
2024-07-14,210,20,63,10,6,1,0,78
2024-07-15,192,19,57,10,0,0,0,67
2024-07-16,184,17,52,10,1,0,0,62
2024-07-17,189,18,57,10,2,0,0,67
2024-07-18,202,21,65,10,3,0,0,77
2024-07-19,199,20,66,10,4,0,0,78
2024-07-20,218,23,71,10,5,1,0,84
2024-07-21,206,19,60,10,6,1,0,73
2024-07-22,189,18,55,10,0,0,0,68
2024-07-23,189,16,49,15,1,0,0,58
2024-07-24,191,20,61,10,2,0,0,73
2024-07-25,173,17,54,10,3,0,0,61
2024-07-26,165,15,50,10,4,0,0,59
2024-07-27,192,19,59,10,5,1,0,71
2024-07-28,197,20,59,10,6,1,0,71
2024-07-29,163,14,42,10,0,0,0,50
2024-07-30,164,15,44,10,1,0,0,54
2024-07-31,180,20,63,10,2,0,0,75
2024-08-01,174,18,56,10,3,0,0,68
2024-08-02,175,18,54,10,4,0,0,64
2024-08-03,187,17,52,10,5,1,0,60
2024-08-04,210,23,73,10,6,1,0,87
2024-08-05,181,20,63,10,0,0,0,68
2024-08-06,169,19,58,5,1,0,0,69
2024-08-07,169,16,51,10,2,0,0,53
2024-08-08,187,19,60,15,3,0,0,67
2024-08-09,182,20,61,10,4,0,0,73
2024-08-10,191,19,59,10,5,1,0,70
2024-08-11,189,19,63,10,6,1,0,72
2024-08-12,165,17,51,10,0,0,0,59
2024-08-13,174,19,61,10,1,0,0,75
2024-08-14,172,18,56,10,2,0,0,65
2024-08-15,172,17,54,10,3,0,0,68
2024-08-16,167,15,47,10,4,0,0,55
2024-08-17,189,17,53,10,5,1,0,63
2024-08-18,204,22,68,10,6,1,0,83
2024-08-19,186,21,65,10,0,0,0,77
2024-08-20,183,20,63,10,1,0,0,72
2024-08-21,191,21,66,10,2,0,0,77
2024-08-22,175,17,50,10,3,0,0,59
2024-08-23,176,18,57,10,4,0,0,64
2024-08-24,198,21,68,10,5,1,0,79
2024-08-25,197,20,64,10,6,1,0,74
2024-08-26,185,21,66,10,0,0,0,79
2024-08-27,167,15,43,10,1,0,0,51
2024-08-28,173,17,54,10,2,0,0,63
2024-08-29,176,17,54,10,3,0,0,63
2024-08-30,172,17,56,10,4,0,0,66
2024-08-31,202,22,66,10,5,1,0,79
2024-09-01,184,16,49,10,6,1,0,56
2024-09-02,183,20,61,10,0,0,0,70
2024-09-03,181,20,61,10,1,0,0,74
2024-09-04,182,19,56,10,2,0,0,65
2024-09-05,185,21,64,10,3,0,0,72
2024-09-06,190,23,70,10,4,0,0,83
2024-09-07,197,20,61,10,5,1,0,73
2024-09-08,208,22,71,10,6,1,0,80
2024-09-09,184,19,58,10,0,0,0,69
2024-09-10,181,19,58,10,1,0,0,70
2024-09-11,172,17,55,10,2,0,0,65
2024-09-12,179,17,52,15,3,0,0,62
2024-09-13,177,19,61,10,4,0,0,69
2024-09-14,194,19,60,10,5,1,0,71
2024-09-15,207,22,67,10,6,1,0,78
2024-09-16,189,20,61,10,0,0,0,71
2024-09-17,177,17,53,10,1,0,0,64
2024-09-18,186,19,58,10,2,0,0,71
2024-09-19,184,18,56,10,3,0,0,69
2024-09-20,196,18,55,15,4,0,0,67
2024-09-21,214,22,69,10,5,1,0,81
2024-09-22,206,20,61,10,6,1,0,72
2024-09-23,191,19,58,10,0,0,0,70
2024-09-24,177,14,43,10,1,0,0,51
2024-09-25,193,19,56,10,2,0,0,66
2024-09-26,180,15,46,10,3,0,0,56
2024-09-27,189,17,52,10,4,0,0,61
2024-09-28,227,23,68,10,5,1,0,79
2024-09-29,234,24,71,10,6,1,0,83
2024-09-30,195,17,55,10,0,0,0,66
2024-10-01,194,16,49,10,1,0,0,58
2024-10-02,200,19,59,10,2,0,0,70
2024-10-03,188,17,51,10,3,0,0,61
2024-10-04,193,19,62,10,4,0,0,72
2024-10-05,204,18,55,10,5,1,0,66
2024-10-06,214,22,65,10,6,1,0,77
2024-10-07,196,21,66,10,0,0,0,75
2024-10-08,176,15,45,10,1,0,0,56
2024-10-09,182,17,54,10,2,0,0,63
2024-10-10,183,17,52,10,3,0,0,58
2024-10-11,196,20,64,10,4,0,0,73
2024-10-12,195,16,50,10,5,1,0,57
2024-10-13,211,21,64,10,6,1,0,75
2024-10-14,178,18,59,5,0,0,0,69
2024-10-15,186,17,58,10,1,0,0,68
2024-10-16,195,20,61,10,2,0,0,73
2024-10-17,178,14,46,10,3,0,0,55
2024-10-18,186,16,50,10,4,0,0,59
2024-10-19,209,19,60,10,5,1,0,71
2024-10-20,218,22,66,10,6,1,0,79
2024-10-21,189,18,54,10,0,0,0,59
2024-10-22,187,17,55,10,1,0,0,64
2024-10-23,193,19,59,10,2,0,0,65
2024-10-24,191,17,52,10,3,0,0,61
2024-10-25,184,17,56,10,4,0,0,66
2024-10-26,205,20,64,10,5,1,0,77
2024-10-27,217,21,67,15,6,1,0,81
2024-10-28,214,24,72,15,0,0,0,85
2024-10-29,177,16,50,10,1,0,0,58
2024-10-30,185,19,62,10,2,0,0,74
2024-10-31,192,18,52,15,3,0,0,60
2024-11-01,182,18,53,10,4,0,0,62
2024-11-02,213,23,70,10,5,1,0,84
2024-11-03,212,22,70,10,6,1,0,81
2024-11-04,194,20,62,10,0,0,0,75
2024-11-05,179,17,54,10,1,0,0,65
2024-11-06,229,21,65,30,2,0,1,75
2024-11-07,237,23,72,30,3,0,1,87
2024-11-08,233,22,71,30,4,0,1,85
2024-11-09,249,23,78,30,5,1,1,92
2024-11-10,261,26,82,30,6,1,1,95
2024-11-11,227,20,65,30,0,0,1,75
2024-11-12,231,21,64,30,1,0,1,74
2024-11-13,244,24,78,30,2,0,1,93
2024-11-14,236,22,68,30,3,0,1,78
2024-11-15,193,20,62,10,4,0,0,74
2024-11-16,204,19,58,10,5,1,0,66
2024-11-17,215,22,67,10,6,1,0,78
2024-11-18,186,17,52,10,0,0,0,61
2024-11-19,196,21,63,10,1,0,0,79
2024-11-20,188,20,59,10,2,0,0,67
2024-11-21,182,19,63,10,3,0,0,77
2024-11-22,195,22,69,10,4,0,0,81
2024-11-23,206,21,67,10,5,1,0,80
2024-11-24,198,19,60,10,6,1,0,71
2024-11-25,192,22,65,10,0,0,0,77
2024-11-26,178,19,59,10,1,0,0,69
2024-11-27,186,21,63,10,2,0,0,77
2024-11-28,179,19,57,10,3,0,0,66
2024-11-29,187,21,65,10,4,0,0,79
2024-11-30,197,19,59,10,5,1,0,68
2024-12-01,194,18,56,10,6,1,0,66
2024-12-02,177,16,50,10,0,0,0,57
2024-12-03,180,20,61,5,1,0,0,73
2024-12-04,176,15,47,10,2,0,0,58
2024-12-05,177,15,49,10,3,0,0,57
2024-12-06,179,16,54,10,4,0,0,63
2024-12-07,210,21,67,10,5,1,0,77
2024-12-08,215,21,65,10,6,1,0,76
2024-12-09,184,17,54,10,0,0,0,60
2024-12-10,193,20,64,10,1,0,0,73
2024-12-11,188,19,61,10,2,0,0,72
2024-12-12,186,21,68,5,3,0,0,83
2024-12-13,196,21,68,10,4,0,0,86
2024-12-14,259,23,72,30,5,1,1,84
2024-12-15,265,25,77,30,6,1,1,93
2024-12-16,242,22,65,30,0,0,1,77
2024-12-17,247,24,77,30,1,0,1,90
2024-12-18,241,23,73,30,2,0,1,87
2024-12-19,240,23,70,30,3,0,1,82
2024-12-20,243,24,74,30,4,0,1,87
2024-12-21,262,25,77,30,5,1,1,90
2024-12-22,268,26,80,30,6,1,1,91
2024-12-23,243,23,75,30,0,0,1,85
2024-12-24,242,22,68,30,1,0,1,81
2024-12-25,259,25,82,35,2,0,1,96
2024-12-26,263,25,77,35,3,0,1,89
2024-12-27,198,21,64,10,4,0,0,75
2024-12-28,214,22,68,10,5,1,0,82
2024-12-29,207,20,67,10,6,1,0,79
2024-12-30,189,19,59,10,0,0,0,68
2024-12-31,196,19,60,15,1,0,0,73
2025-01-01,174,15,42,10,2,0,0,53
2025-01-02,175,16,51,10,3,0,0,61
2025-01-03,198,22,65,10,4,0,0,78
2025-01-04,205,21,65,10,5,1,0,79
2025-01-05,187,15,49,10,6,1,0,60
2025-01-06,176,18,55,5,0,0,0,66
2025-01-07,190,19,60,10,1,0,0,72
2025-01-08,172,16,49,5,2,0,0,59
2025-01-09,205,23,71,10,3,0,0,81
2025-01-10,198,21,66,10,4,0,0,79
2025-01-11,218,22,70,10,5,1,0,80
2025-01-12,208,20,62,10,6,1,0,71
2025-01-13,193,20,62,10,0,0,0,76
2025-01-14,192,20,60,10,1,0,0,72
2025-01-15,192,20,59,10,2,0,0,72
2025-01-16,181,17,53,10,3,0,0,62
2025-01-17,182,19,59,10,4,0,0,67
2025-01-18,203,21,66,10,5,1,0,77
2025-01-19,204,21,67,10,6,1,0,79
2025-01-20,179,17,54,10,0,0,0,64
2025-01-21,188,19,57,10,1,0,0,69
2025-01-22,186,19,59,10,2,0,0,69
2025-01-23,186,19,59,10,3,0,0,70
2025-01-24,183,19,58,10,4,0,0,66
2025-01-25,193,18,51,10,5,1,0,61
2025-01-26,206,22,67,10,6,1,0,79
2025-01-27,188,20,62,10,0,0,0,71
2025-01-28,175,16,51,10,1,0,0,60
2025-01-29,186,19,58,10,2,0,0,68
2025-01-30,179,17,50,10,3,0,0,58
2025-01-31,182,18,58,10,4,0,0,72
2025-02-01,214,23,71,10,5,1,0,83
2025-02-02,209,22,67,10,6,1,0,78
2025-02-03,199,23,72,10,0,0,0,81
2025-02-04,188,19,60,10,1,0,0,69
2025-02-05,189,17,53,15,2,0,0,62
2025-02-06,186,19,58,10,3,0,0,67
2025-02-07,167,14,42,10,4,0,0,52
2025-02-08,219,24,76,10,5,1,0,89
2025-02-09,210,21,65,10,6,1,0,79
2025-02-10,195,20,63,10,0,0,0,74
2025-02-11,191,19,55,10,1,0,0,65
2025-02-12,182,17,52,10,2,0,0,61
2025-02-13,188,19,58,10,3,0,0,68
2025-02-14,185,17,52,10,4,0,0,65
2025-02-15,212,20,58,10,5,1,0,64
2025-02-16,217,21,64,10,6,1,0,71
2025-02-17,186,16,53,10,0,0,0,61
2025-02-18,207,22,69,10,1,0,0,81
2025-02-19,192,17,52,10,2,0,0,63
2025-02-20,199,20,61,10,3,0,0,73
2025-02-21,190,17,50,10,4,0,0,58
2025-02-22,205,18,56,10,5,1,0,68
2025-02-23,219,22,67,10,6,1,0,81
2025-02-24,196,19,58,10,0,0,0,69
2025-02-25,193,18,58,10,1,0,0,70
2025-02-26,196,19,61,10,2,0,0,72
2025-02-27,192,17,54,10,3,0,0,62
2025-02-28,201,20,59,10,4,0,0,71
2025-03-01,204,20,61,5,5,1,0,72
2025-03-02,214,21,67,10,6,1,0,79
2025-03-03,201,21,63,10,0,0,0,77
2025-03-04,185,16,52,10,1,0,0,56
2025-03-05,182,18,56,5,2,0,0,63
2025-03-06,183,17,55,10,3,0,0,62
2025-03-07,184,17,52,10,4,0,0,60
2025-03-08,203,18,53,10,5,1,0,62
2025-03-09,207,20,60,10,6,1,0,68
2025-03-10,189,19,62,10,0,0,0,71
2025-03-11,186,18,55,10,1,0,0,63
2025-03-12,177,16,47,10,2,0,0,60
2025-03-13,192,20,64,10,3,0,0,79
2025-03-14,192,20,59,10,4,0,0,69
2025-03-15,207,21,65,10,5,1,0,76
2025-03-16,194,19,59,10,6,1,0,67
2025-03-17,162,17,53,5,0,0,0,59
2025-03-18,195,23,72,10,1,0,0,84
2025-03-19,195,22,68,10,2,0,0,78
2025-03-20,188,20,57,10,3,0,0,67
2025-03-21,175,17,53,10,4,0,0,59
2025-03-22,223,23,71,15,5,1,0,82
2025-03-23,208,21,65,10,6,1,0,77
2025-03-24,210,22,69,15,0,0,0,82
2025-03-25,191,18,57,10,1,0,0,68
2025-03-26,199,20,62,10,2,0,0,70
2025-03-27,192,18,59,10,3,0,0,71
2025-03-28,206,20,66,15,4,0,0,76
2025-03-29,207,19,59,10,5,1,0,71
2025-03-30,209,23,71,5,6,1,0,84
2025-03-31,190,18,53,10,0,0,0,60
2025-04-01,185,17,54,10,1,0,0,63
2025-04-02,199,20,58,10,2,0,0,69
2025-04-03,194,19,62,10,3,0,0,74
2025-04-04,182,15,48,10,4,0,0,56
2025-04-05,214,21,64,10,5,1,0,78
2025-04-06,216,21,66,10,6,1,0,80
2025-04-07,193,19,57,10,0,0,0,67
2025-04-08,209,23,69,10,1,0,0,83
2025-04-09,193,18,57,10,2,0,0,71
2025-04-10,192,19,57,10,3,0,0,71
2025-04-11,175,15,47,10,4,0,0,53
2025-04-12,199,18,55,10,5,1,0,63
2025-04-13,216,20,65,15,6,1,0,79
2025-04-14,193,19,59,10,0,0,0,67
2025-04-15,188,18,59,10,1,0,0,67
2025-04-16,194,20,64,10,2,0,0,74
2025-04-17,194,20,60,10,3,0,0,71
2025-04-18,198,21,63,10,4,0,0,74
2025-04-19,212,20,58,10,5,1,0,67
2025-04-20,218,22,68,10,6,1,0,79
2025-04-21,183,17,47,10,0,0,0,54
2025-04-22,197,20,60,10,1,0,0,69
2025-04-23,198,20,57,10,2,0,0,72
2025-04-24,187,18,54,10,3,0,0,64
2025-04-25,165,12,39,10,4,0,0,48
2025-04-26,206,20,60,10,5,1,0,70
2025-04-27,226,26,79,10,6,1,0,93
2025-04-28,191,19,58,10,0,0,0,67
2025-04-29,186,18,56,10,1,0,0,61
2025-04-30,240,23,68,30,2,0,1,77
2025-05-01,245,25,78,30,3,0,1,88
2025-05-02,241,24,74,30,4,0,1,83
2025-05-03,255,24,72,30,5,1,1,82
2025-05-04,250,22,66,30,6,1,1,80
2025-05-05,240,22,71,35,0,0,1,83
2025-05-06,232,20,63,35,1,0,1,77
2025-05-07,237,24,75,30,2,0,1,89
2025-05-08,248,26,79,30,3,0,1,95
2025-05-09,257,25,77,35,4,0,1,89
2025-05-10,253,24,72,30,5,1,1,86
2025-05-11,193,19,55,10,6,1,0,66
2025-05-12,171,16,49,10,0,0,0,56
2025-05-13,185,20,61,10,1,0,0,73
2025-05-14,185,20,59,10,2,0,0,71
2025-05-15,190,20,59,10,3,0,0,68
2025-05-16,188,20,63,10,4,0,0,72
2025-05-17,202,19,58,10,5,1,0,66
2025-05-18,195,17,49,10,6,1,0,58
2025-05-19,193,21,69,10,0,0,0,82
2025-05-20,185,17,49,15,1,0,0,56
2025-05-21,193,23,72,10,2,0,0,85
2025-05-22,170,15,44,10,3,0,0,53
2025-05-23,177,17,54,10,4,0,0,65
2025-05-24,200,19,59,10,5,1,0,73
2025-05-25,208,21,67,10,6,1,0,81
2025-05-26,191,20,62,10,0,0,0,71
2025-05-27,186,18,54,10,1,0,0,67
2025-05-28,193,20,65,10,2,0,0,75
2025-05-29,179,16,49,10,3,0,0,60
2025-05-30,185,18,55,10,4,0,0,65
2025-05-31,201,19,58,10,5,1,0,67
2025-06-01,205,20,60,10,6,1,0,67
2025-06-02,184,18,56,10,0,0,0,66
2025-06-03,203,20,65,15,1,0,0,73
2025-06-04,213,26,83,10,2,0,0,100
2025-06-05,177,16,50,10,3,0,0,62
2025-06-06,183,19,60,10,4,0,0,69
2025-06-07,209,22,70,10,5,1,0,83
2025-06-08,212,21,64,10,6,1,0,74
2025-06-09,201,22,71,10,0,0,0,82
2025-06-10,179,17,53,10,1,0,0,64
2025-06-11,195,21,61,10,2,0,0,72
2025-06-12,180,17,54,10,3,0,0,67
2025-06-13,195,21,63,10,4,0,0,73
2025-06-14,210,21,66,10,5,1,0,80
2025-06-15,221,21,66,15,6,1,0,78
2025-06-16,188,18,55,10,0,0,0,66
2025-06-17,177,15,47,10,1,0,0,54
2025-06-18,186,17,55,10,2,0,0,65
2025-06-19,195,20,59,10,3,0,0,69
2025-06-20,191,18,52,10,4,0,0,60
2025-06-21,217,22,68,10,5,1,0,81
2025-06-22,204,18,55,10,6,1,0,66
2025-06-23,194,20,66,10,0,0,0,79
2025-06-24,190,21,67,5,1,0,0,82
2025-06-25,178,15,47,10,2,0,0,58
2025-06-26,193,20,62,10,3,0,0,72
2025-06-27,196,23,67,5,4,0,0,80
2025-06-28,210,20,59,10,5,1,0,68
2025-06-29,220,23,70,10,6,1,0,82
2025-06-30,189,19,59,10,0,0,0,68
2025-07-01,196,21,64,10,1,0,0,79
2025-07-02,187,18,56,10,2,0,0,67
2025-07-03,188,18,57,10,3,0,0,67
2025-07-04,187,18,54,10,4,0,0,66
2025-07-05,208,20,61,10,5,1,0,67
2025-07-06,204,20,60,10,6,1,0,67
2025-07-07,180,17,55,10,0,0,0,66
2025-07-08,182,21,61,5,1,0,0,72
2025-07-09,183,18,57,10,2,0,0,68
2025-07-10,179,17,54,10,3,0,0,61
2025-07-11,185,17,48,10,4,0,0,56
2025-07-12,216,22,67,10,5,1,0,83
2025-07-13,190,17,55,5,6,1,0,66
2025-07-14,190,20,60,10,0,0,0,71
2025-07-15,190,21,64,10,1,0,0,74
2025-07-16,196,22,68,10,2,0,0,79
2025-07-17,181,18,58,10,3,0,0,64
2025-07-18,184,18,57,10,4,0,0,68
2025-07-19,210,22,67,10,5,1,0,81
2025-07-20,208,21,62,10,6,1,0,70
2025-07-21,196,22,65,10,0,0,0,75
2025-07-22,177,19,59,5,1,0,0,67
2025-07-23,195,18,51,15,2,0,0,58
2025-07-24,184,17,51,10,3,0,0,60
2025-07-25,189,19,60,10,4,0,0,66
2025-07-26,207,21,62,10,5,1,0,74
2025-07-27,218,24,74,10,6,1,0,89
2025-07-28,188,19,58,10,0,0,0,68
2025-07-29,200,22,69,10,1,0,0,76
2025-07-30,197,22,65,10,2,0,0,74
2025-07-31,185,18,56,10,3,0,0,68
2025-08-01,181,17,52,10,4,0,0,56
2025-08-02,203,20,62,10,5,1,0,72
2025-08-03,205,21,62,10,6,1,0,71
2025-08-04,184,18,57,10,0,0,0,69
2025-08-05,194,21,63,10,1,0,0,73
2025-08-06,195,21,65,10,2,0,0,77
2025-08-07,198,22,66,10,3,0,0,79
2025-08-08,191,20,66,10,4,0,0,81
2025-08-09,208,20,62,10,5,1,0,73
2025-08-10,214,22,72,10,6,1,0,85
2025-08-11,180,17,51,10,0,0,0,57
2025-08-12,187,20,61,10,1,0,0,74
2025-08-13,179,18,59,10,2,0,0,68
2025-08-14,192,22,67,10,3,0,0,78
2025-08-15,167,14,44,10,4,0,0,52
2025-08-16,206,23,73,10,5,1,0,83
2025-08-17,208,23,70,10,6,1,0,83
2025-08-18,174,19,57,5,0,0,0,69
2025-08-19,186,20,61,10,1,0,0,72
2025-08-20,190,20,64,10,2,0,0,72
2025-08-21,195,22,69,10,3,0,0,81
2025-08-22,198,23,74,10,4,0,0,89
2025-08-23,205,21,64,10,5,1,0,72
2025-08-24,222,25,76,10,6,1,0,87
2025-08-25,187,18,53,10,0,0,0,64
2025-08-26,197,20,61,10,1,0,0,72
2025-08-27,194,20,61,10,2,0,0,73
2025-08-28,184,17,52,10,3,0,0,65
2025-08-29,191,20,60,10,4,0,0,72
2025-08-30,206,20,60,10,5,1,0,72
2025-08-31,217,23,70,10,6,1,0,88
2025-09-01,190,18,58,10,0,0,0,68
2025-09-02,182,16,49,10,1,0,0,56
2025-09-03,186,17,51,10,2,0,0,61
2025-09-04,192,19,61,10,3,0,0,73
2025-09-05,193,20,64,10,4,0,0,74
2025-09-06,218,22,67,10,5,1,0,77
2025-09-07,212,20,61,10,6,1,0,76
2025-09-08,204,21,61,10,0,0,0,72
2025-09-09,196,18,52,10,1,0,0,60
2025-09-10,196,19,59,10,2,0,0,71
2025-09-11,201,21,68,10,3,0,0,80
2025-09-12,196,19,62,10,4,0,0,72
2025-09-13,208,18,57,10,5,1,0,68
2025-09-14,226,23,70,10,6,1,0,80
2025-09-15,198,19,60,10,0,0,0,71
2025-09-16,200,19,56,10,1,0,0,70
2025-09-17,207,22,68,10,2,0,0,81
2025-09-18,193,18,53,10,3,0,0,62
2025-09-19,200,21,65,10,4,0,0,75
2025-09-20,219,22,71,10,5,1,0,83
2025-09-21,237,27,88,10,6,1,0,103
2025-09-22,187,16,50,10,0,0,0,58
2025-09-23,200,20,63,10,1,0,0,76
2025-09-24,193,20,58,10,2,0,0,65
2025-09-25,198,22,67,10,3,0,0,81
2025-09-26,189,19,62,10,4,0,0,72
2025-09-27,206,20,64,10,5,1,0,76
2025-09-28,222,24,76,10,6,1,0,87
2025-09-29,194,19,60,10,0,0,0,73
2025-09-30,196,20,65,10,1,0,0,79
2025-10-01,194,19,58,10,2,0,0,70
2025-10-02,193,20,61,10,3,0,0,69
2025-10-03,185,17,58,10,4,0,0,70
2025-10-04,204,20,60,10,5,1,0,71
2025-10-05,208,21,66,10,6,1,0,74
2025-10-06,186,20,61,10,0,0,0,72
2025-10-07,194,22,71,10,1,0,0,84
2025-10-08,195,21,64,10,2,0,0,76
2025-10-09,195,21,64,10,3,0,0,76
2025-10-10,190,19,58,10,4,0,0,69
2025-10-11,223,24,76,10,5,1,0,92
2025-10-12,203,20,60,10,6,1,0,73
2025-10-13,172,19,56,5,0,0,0,60
2025-10-14,175,17,52,10,1,0,0,61
2025-10-15,173,17,52,10,2,0,0,61
2025-10-16,186,21,66,10,3,0,0,74
2025-10-17,177,19,58,5,4,0,0,68
2025-10-18,202,18,54,10,5,1,0,66
2025-10-19,213,21,65,10,6,1,0,74
2025-10-20,191,19,60,10,0,0,0,71
2025-10-21,185,17,55,10,1,0,0,63
2025-10-22,196,20,62,10,2,0,0,72
2025-10-23,192,19,55,10,3,0,0,68
2025-10-24,200,20,62,10,4,0,0,72
2025-10-25,229,23,71,15,5,1,0,84
2025-10-26,213,20,62,10,6,1,0,69
2025-10-27,204,22,69,10,0,0,0,85
2025-10-28,197,19,58,10,1,0,0,69
2025-10-29,197,19,61,10,2,0,0,71
2025-10-30,205,22,67,10,3,0,0,80
2025-10-31,197,20,65,10,4,0,0,74
2025-11-01,215,21,63,10,5,1,0,76
2025-11-02,215,21,60,10,6,1,0,70
2025-11-03,196,20,60,5,0,0,0,70
2025-11-04,198,17,58,10,1,0,0,67
2025-11-05,211,21,64,10,2,0,0,74
2025-11-06,204,20,62,10,3,0,0,74
2025-11-07,255,21,65,35,4,0,1,77
2025-11-08,280,24,73,35,5,1,1,87
2025-11-09,286,27,84,35,6,1,1,99
2025-11-10,242,21,65,30,0,0,1,77
2025-11-11,278,28,91,35,1,0,1,106
2025-11-12,243,21,67,30,2,0,1,83
2025-11-13,258,24,75,35,3,0,1,85
2025-11-14,234,19,60,30,4,0,1,73
2025-11-15,272,25,79,30,5,1,1,96
2025-11-16,219,21,63,10,6,1,0,72
2025-11-17,206,21,67,10,0,0,0,83
2025-11-18,205,20,61,10,1,0,0,74
2025-11-19,202,19,60,10,2,0,0,73
2025-11-20,217,24,75,10,3,0,0,88
2025-11-21,206,21,67,10,4,0,0,78
2025-11-22,216,20,65,10,5,1,0,76
2025-11-23,222,22,69,10,6,1,0,82
2025-11-24,193,14,42,15,0,0,0,52
2025-11-25,194,18,55,10,1,0,0,65
2025-11-26,209,22,69,10,2,0,0,79
2025-11-27,188,19,58,5,3,0,0,70
2025-11-28,196,20,61,10,4,0,0,74
2025-11-29,208,19,59,10,5,1,0,71
2025-11-30,222,23,70,10,6,1,0,84
2025-12-01,204,20,63,15,0,0,0,74
2025-12-02,200,20,61,15,1,0,0,70
2025-12-03,200,22,68,10,2,0,0,78
2025-12-04,208,23,70,10,3,0,0,79
2025-12-05,201,21,61,10,4,0,0,72
2025-12-06,214,18,57,15,5,1,0,67
2025-12-07,220,22,70,10,6,1,0,81
2025-12-08,197,20,61,10,0,0,0,66
2025-12-09,186,17,54,10,1,0,0,61
2025-12-10,185,16,50,10,2,0,0,61
2025-12-11,182,19,56,5,3,0,0,65
2025-12-12,195,19,61,10,4,0,0,72
2025-12-13,220,22,64,10,5,1,0,73
2025-12-14,216,20,62,10,6,1,0,76
2025-12-15,249,24,76,30,0,0,1,89
2025-12-16,252,24,72,30,1,0,1,85
2025-12-17,258,23,74,35,2,0,1,92
2025-12-18,253,24,73,30,3,0,1,89
2025-12-19,247,23,74,30,4,0,1,86
2025-12-20,268,23,71,35,5,1,1,82
2025-12-21,281,26,82,35,6,1,1,96
2025-12-22,255,25,77,30,0,0,1,92
2025-12-23,270,29,95,30,1,0,1,112
2025-12-24,238,19,60,30,2,0,1,70
2025-12-25,252,23,73,30,3,0,1,89
2025-12-26,245,22,70,30,4,0,1,82
2025-12-27,281,26,81,35,5,1,1,100
2025-12-28,212,20,61,10,6,1,0,72
2025-12-29,203,20,63,10,0,0,0,78
2025-12-30,222,22,70,15,1,0,0,83
2025-12-31,197,18,58,10,2,0,0,70
